ID,TE,NPP,Light,SO2,NO2,LSTV,X,Y,name1,name2,CODE,cluster
2643.0,0.0,1078.90002441,39.0,0.0,0.0,548175.25,1638685.65945,2412055.49709,台湾省,台湾,71.0,0
2818.0,0.0,0.0,41.0,0.0,0.0,321263.3125,1628685.65945,2422055.49709,台湾省,台湾,71.0,0
2819.0,0.0,1102.29992676,10.0,0.0,0.0,322949.5625,1638685.65945,2422055.49709,台湾省,台湾,71.0,0
3002.0,0.0,1109.59997559,0.0,0.0,0.0,217271.125,1628685.65945,2432055.49709,台湾省,台湾,71.0,0
3003.0,0.0,1108.40002441,5.0,0.0,0.0,324607.25,1638685.65945,2432055.49709,台湾省,台湾,71.0,0
3187.0,0.0,0.0,0.0,0.0,0.0,0.0,1588685.65945,2442055.49709,台湾省,台湾,71.0,0
3189.0,0.0,1082.29992676,0.0,0.0,1007.95275879,109245.0,1628685.65945,2442055.49709,台湾省,台湾,71.0,0
3190.0,0.0,1083.09997559,0.0,0.0,1007.95275879,324101.125,1638685.65945,2442055.49709,台湾省,台湾,71.0,0
3377.0,0.0,1071.80004883,0.0,0.0,1007.95275879,112486.375,1618685.65945,2452055.49709,台湾省,台湾,71.0,0
3378.0,0.0,590.699951172,0.0,0.0,1007.95275879,-3695.625,1628685.65945,2452055.49709,台湾省,台湾,71.0,0
3379.0,0.0,1132.49987793,6.0,0.0,1007.95275879,321807.1875,1638685.65945,2452055.49709,台湾省,台湾,71.0,0
3565.0,0.0,0.0,0.0,23.7800350189,1227.38720703,330826.375,1588685.65945,2462055.49709,台湾省,台湾,71.0,0
3566.0,0.0,0.0,51.0,23.7800350189,1227.38720703,219576.125,1598685.65945,2462055.49709,台湾省,台湾,71.0,0
3567.0,0.0,577.5,12.0,23.7800350189,1227.38720703,114796.1875,1608685.65945,2462055.49709,台湾省,台湾,71.0,0
3568.0,0.0,1061.99987793,0.0,0.0,1505.73327637,4632.4375,1618685.65945,2462055.49709,台湾省,台湾,71.0,0
3569.0,0.0,694.799987793,0.0,0.0,1505.73327637,-2513.0625,1628685.65945,2462055.49709,台湾省,台湾,71.0,0
3570.0,0.0,1114.59997559,0.0,0.0,1505.73327637,324215.4375,1638685.65945,2462055.49709,台湾省,台湾,71.0,0
3756.0,0.0,0.0,63.0,33.9423828125,1043.36828613,221412.625,1578685.65945,2472055.49709,台湾省,台湾,71.0,0
3757.0,0.0,0.0,61.0,23.7800350189,1227.38720703,2623.1875,1588685.65945,2472055.49709,台湾省,台湾,71.0,0
3758.0,0.0,0.0,54.0,23.7800350189,1227.38720703,3327.4375,1598685.65945,2472055.49709,台湾省,台湾,71.0,0
3759.0,0.0,718.100036621,12.0,23.7800350189,1227.38720703,10856.1875,1608685.65945,2472055.49709,台湾省,台湾,71.0,0
3760.0,0.0,1110.39990234,0.0,0.0,1505.73327637,-12388.375,1618685.65945,2472055.49709,台湾省,台湾,71.0,0
3761.0,0.0,312.0,0.0,0.0,1505.73327637,-1166.125,1628685.65945,2472055.49709,台湾省,台湾,71.0,0
3762.0,0.0,595.999938965,0.0,0.0,1505.73327637,328044.375,1638685.65945,2472055.49709,台湾省,台湾,71.0,0
3949.0,0.0,0.0,63.0,33.9423828125,1043.36828613,114359.9375,1578685.65945,2482055.49709,台湾省,台湾,71.0,0
3950.0,0.0,1091.40002441,62.0,23.7800350189,1227.38720703,-3188.1875,1588685.65945,2482055.49709,台湾省,台湾,71.0,0
3951.0,0.0,580.0,59.0,23.7800350189,1227.38720703,2675.75,1598685.65945,2482055.49709,台湾省,台湾,71.0,0
3952.0,0.0,586.599975586,21.0,23.7800350189,1227.38720703,8914.9375,1608685.65945,2482055.49709,台湾省,台湾,71.0,0
3953.0,0.0,1122.39990234,0.0,0.0,1505.73327637,67.875,1618685.65945,2482055.49709,台湾省,台湾,71.0,0
3954.0,0.0,673.099975586,0.0,0.0,1505.73327637,-15544.125,1628685.65945,2482055.49709,台湾省,台湾,71.0,0
3955.0,0.0,1121.79992676,0.0,0.0,1505.73327637,210199.875,1638685.65945,2482055.49709,台湾省,台湾,71.0,0
3956.0,0.0,533.400024414,0.0,0.0,0.0,0.0,1648685.65945,2482055.49709,台湾省,台湾,71.0,0
4144.0,0.0,0.0,62.0,9.22384738922,956.812011719,326681.0625,1568685.65945,2492055.49709,台湾省,台湾,71.0,0
4145.0,0.0,0.0,62.0,9.22384738922,956.812011719,-1693.625,1578685.65945,2492055.49709,台湾省,台湾,71.0,0
4146.0,0.0,732.799987793,61.0,21.6959667206,1099.57287598,-4920.25,1588685.65945,2492055.49709,台湾省,台湾,71.0,0
4147.0,0.0,0.0,52.0,21.6959667206,1099.57287598,1944.0,1598685.65945,2492055.49709,台湾省,台湾,71.0,0
4148.0,0.0,632.299987793,19.0,21.6959667206,1099.57287598,5988.1875,1608685.65945,2492055.49709,台湾省,台湾,71.0,0
4149.0,0.0,1152.59997559,0.0,3.4724149704,966.258666992,535.6875,1618685.65945,2492055.49709,台湾省,台湾,71.0,0
4150.0,0.0,1116.29992676,0.0,3.4724149704,966.258666992,3974.8125,1628685.65945,2492055.49709,台湾省,台湾,71.0,0
4151.0,0.0,1060.5,0.0,3.4724149704,966.258666992,103514.0,1638685.65945,2492055.49709,台湾省,台湾,71.0,0
4152.0,0.0,324.099975586,14.0,0.0,0.0,322564.375,1648685.65945,2492055.49709,台湾省,台湾,71.0,0
4345.0,0.0,0.0,63.0,9.22384738922,956.812011719,220305.5625,1568685.65945,2502055.49709,台湾省,台湾,71.0,0
4346.0,0.0,734.200012207,50.0,9.22384738922,956.812011719,2890.8125,1578685.65945,2502055.49709,台湾省,台湾,71.0,0
4347.0,0.0,737.899963379,44.0,21.6959667206,1099.57287598,-1987.5,1588685.65945,2502055.49709,台湾省,台湾,71.0,0
4348.0,0.0,563.200012207,18.0,21.6959667206,1099.57287598,3777.75,1598685.65945,2502055.49709,台湾省,台湾,71.0,0
4349.0,0.0,429.899993896,8.0,21.6959667206,1099.57287598,9663.4375,1608685.65945,2502055.49709,台湾省,台湾,71.0,0
4350.0,0.0,1192.19995117,0.0,3.4724149704,966.258666992,-10052.75,1618685.65945,2502055.49709,台湾省,台湾,71.0,0
4351.0,0.0,1143.19995117,0.0,3.4724149704,966.258666992,-4246.8125,1628685.65945,2502055.49709,台湾省,台湾,71.0,0
4352.0,0.0,1152.19995117,0.0,3.4724149704,966.258666992,-3110.9375,1638685.65945,2502055.49709,台湾省,台湾,71.0,0
4353.0,0.0,1106.69995117,13.0,0.0,0.0,98379.0625,1648685.65945,2502055.49709,台湾省,台湾,71.0,0
4354.0,0.0,654.799987793,51.0,0.0,0.0,446089.625,1658685.65945,2502055.49709,台湾省,台湾,71.0,0
4550.0,0.0,0.0,63.0,9.22384738922,956.812011719,330953.6875,1558685.65945,2512055.49709,台湾省,台湾,71.0,0
4551.0,0.0,0.0,62.0,9.22384738922,956.812011719,112074.75,1568685.65945,2512055.49709,台湾省,台湾,71.0,0
4552.0,0.0,721.5,25.0,9.22384738922,956.812011719,-2206.75,1578685.65945,2512055.49709,台湾省,台湾,71.0,0
4553.0,0.0,588.0,53.0,21.6959667206,1099.57287598,-4515.0625,1588685.65945,2512055.49709,台湾省,台湾,71.0,0
4554.0,0.0,522.399963379,19.0,21.6959667206,1099.57287598,-8.5,1598685.65945,2512055.49709,台湾省,台湾,71.0,0
4555.0,0.0,1158.99987793,8.0,21.6959667206,1099.57287598,-444.125,1608685.65945,2512055.49709,台湾省,台湾,71.0,0
4556.0,0.0,1201.69995117,0.0,3.4724149704,966.258666992,4878.25,1618685.65945,2512055.49709,台湾省,台湾,71.0,0
4557.0,0.0,1195.59985352,0.0,3.4724149704,966.258666992,-1130.875,1628685.65945,2512055.49709,台湾省,台湾,71.0,0
4558.0,0.0,1107.80004883,0.0,3.4724149704,966.258666992,4232.1875,1638685.65945,2512055.49709,台湾省,台湾,71.0,0
4559.0,0.0,1118.19995117,7.0,0.0,0.0,6335.1875,1648685.65945,2512055.49709,台湾省,台湾,71.0,0
4560.0,0.0,932.699951172,12.0,0.0,0.0,225167.3125,1658685.65945,2512055.49709,台湾省,台湾,71.0,0
4759.0,0.0,0.0,45.0,0.0,0.0,435712.6875,1548685.65945,2522055.49709,台湾省,台湾,71.0,0
4760.0,0.0,0.0,63.0,0.0,914.650512695,110836.75,1558685.65945,2522055.49709,台湾省,台湾,71.0,0
4761.0,0.0,0.0,62.0,0.0,914.650512695,12227.0625,1568685.65945,2522055.49709,台湾省,台湾,71.0,0
4762.0,0.0,0.0,14.0,0.0,914.650512695,4313.875,1578685.65945,2522055.49709,台湾省,台湾,71.0,0
4763.0,0.0,685.799926758,14.0,0.720941960812,1113.60900879,-798.75,1588685.65945,2522055.49709,台湾省,台湾,71.0,0
4764.0,0.0,733.299987793,15.0,0.720941960812,1113.60900879,-1800.75,1598685.65945,2522055.49709,台湾省,台湾,71.0,0
4765.0,0.0,1129.59997559,5.0,0.720941960812,1113.60900879,1101.0625,1608685.65945,2522055.49709,台湾省,台湾,71.0,0
4766.0,0.0,697.099975586,0.0,7.39952611923,1114.21923828,5052.1875,1618685.65945,2522055.49709,台湾省,台湾,71.0,0
4767.0,0.0,1142.40002441,0.0,7.39952611923,1114.21923828,-6108.3125,1628685.65945,2522055.49709,台湾省,台湾,71.0,0
4768.0,0.0,684.899963379,0.0,7.39952611923,1114.21923828,-7432.625,1638685.65945,2522055.49709,台湾省,台湾,71.0,0
4769.0,0.0,1135.80004883,5.0,1.25202560425,631.015136719,-13132.125,1648685.65945,2522055.49709,台湾省,台湾,71.0,0
4770.0,0.0,1043.69995117,7.0,1.25202560425,631.015136719,115105.875,1658685.65945,2522055.49709,台湾省,台湾,71.0,0
4771.0,0.0,1008.29992676,0.0,0.0,0.0,436447.5625,1668685.65945,2522055.49709,台湾省,台湾,71.0,0
4981.0,0.0,0.0,31.0,0.0,0.0,438278.0625,1548685.65945,2532055.49709,台湾省,台湾,71.0,0
4982.0,0.0,0.0,58.0,0.0,914.650512695,109080.5625,1558685.65945,2532055.49709,台湾省,台湾,71.0,0
4983.0,0.0,0.0,61.0,0.0,914.650512695,-1534.5625,1568685.65945,2532055.49709,台湾省,台湾,71.0,0
4984.0,0.0,828.299987793,16.0,0.0,914.650512695,-877.5625,1578685.65945,2532055.49709,台湾省,台湾,71.0,0
4985.0,0.0,714.0,8.0,0.720941960812,1113.60900879,1234.9375,1588685.65945,2532055.49709,台湾省,台湾,71.0,0
4986.0,0.0,1204.29992676,22.0,0.720941960812,1113.60900879,-542.625,1598685.65945,2532055.49709,台湾省,台湾,71.0,0
4987.0,0.0,1186.69995117,8.0,0.720941960812,1113.60900879,2468.0625,1608685.65945,2532055.49709,台湾省,台湾,71.0,0
4988.0,0.0,1112.29992676,0.0,7.39952611923,1114.21923828,5106.9375,1618685.65945,2532055.49709,台湾省,台湾,71.0,0
4989.0,0.0,1082.29992676,0.0,7.39952611923,1114.21923828,-10044.8125,1628685.65945,2532055.49709,台湾省,台湾,71.0,0
4990.0,0.0,1158.69995117,0.0,7.39952611923,1114.21923828,-2103.625,1638685.65945,2532055.49709,台湾省,台湾,71.0,0
4991.0,0.0,324.099975586,0.0,1.25202560425,631.015136719,-12158.75,1648685.65945,2532055.49709,台湾省,台湾,71.0,0
4992.0,0.0,1039.79992676,6.0,1.25202560425,631.015136719,5858.25,1658685.65945,2532055.49709,台湾省,台湾,71.0,0
4993.0,0.0,956.699951172,5.0,0.0,0.0,329014.625,1668685.65945,2532055.49709,台湾省,台湾,71.0,0
5202.0,0.0,0.0,27.0,0.0,0.0,-548290.8125,1548685.65945,2542055.49709,台湾省,台湾,71.0,0
5203.0,0.0,481.5,42.0,0.0,914.650512695,107075.75,1558685.65945,2542055.49709,台湾省,台湾,71.0,0
5204.0,0.0,655.299987793,52.0,0.0,914.650512695,4883.0,1568685.65945,2542055.49709,台湾省,台湾,71.0,0
5205.0,0.0,729.799987793,8.0,0.0,914.650512695,-3021.625,1578685.65945,2542055.49709,台湾省,台湾,71.0,0
5206.0,0.0,662.299987793,7.0,0.720941960812,1113.60900879,-1842.1875,1588685.65945,2542055.49709,台湾省,台湾,71.0,0
5207.0,0.0,1177.59997559,5.0,0.720941960812,1113.60900879,-967.875,1598685.65945,2542055.49709,台湾省,台湾,71.0,0
5208.0,0.0,546.899963379,5.0,0.720941960812,1113.60900879,-349.1875,1608685.65945,2542055.49709,台湾省,台湾,71.0,0
5209.0,0.0,1213.69995117,4.0,7.39952611923,1114.21923828,7601.1875,1618685.65945,2542055.49709,台湾省,台湾,71.0,0
5210.0,0.0,1211.69995117,0.0,7.39952611923,1114.21923828,-9330.0625,1628685.65945,2542055.49709,台湾省,台湾,71.0,0
5211.0,0.0,397.100006104,0.0,7.39952611923,1114.21923828,-2187.625,1638685.65945,2542055.49709,台湾省,台湾,71.0,0
5212.0,0.0,1037.40002441,0.0,1.25202560425,631.015136719,3907.875,1648685.65945,2542055.49709,台湾省,台湾,71.0,0
5213.0,0.0,1039.29992676,11.0,1.25202560425,631.015136719,11913.625,1658685.65945,2542055.49709,台湾省,台湾,71.0,0
5214.0,0.0,1064.99987793,0.0,0.0,0.0,223749.8125,1668685.65945,2542055.49709,台湾省,台湾,71.0,0
5422.0,0.0,0.0,0.0,0.0,0.0,433160.125,1548685.65945,2552055.49709,台湾省,台湾,71.0,0
5423.0,0.0,536.099975586,53.0,0.0,939.620300293,108288.125,1558685.65945,2552055.49709,台湾省,台湾,71.0,0
5424.0,0.0,0.0,41.0,0.0,939.620300293,856.1875,1568685.65945,2552055.49709,台湾省,台湾,71.0,0
5425.0,0.0,0.0,17.0,0.0,939.620300293,2882.3125,1578685.65945,2552055.49709,台湾省,台湾,71.0,0
5426.0,0.0,1163.59997559,5.0,14.0904636383,1199.85974121,-3787.1875,1588685.65945,2552055.49709,台湾省,台湾,71.0,0
5427.0,0.0,1126.29992676,5.0,14.0904636383,1199.85974121,-1502.625,1598685.65945,2552055.49709,台湾省,台湾,71.0,0
5428.0,0.0,1119.69995117,7.0,14.0904636383,1199.85974121,3920.125,1608685.65945,2552055.49709,台湾省,台湾,71.0,0
5429.0,0.0,1106.79992676,5.0,6.46783351898,1372.2175293,1376.6875,1618685.65945,2552055.49709,台湾省,台湾,71.0,0
5430.0,0.0,678.5,0.0,6.46783351898,1372.2175293,8799.0,1628685.65945,2552055.49709,台湾省,台湾,71.0,0
5431.0,0.0,709.100036621,0.0,6.46783351898,1372.2175293,-5117.25,1638685.65945,2552055.49709,台湾省,台湾,71.0,0
5432.0,0.0,728.299987793,0.0,0.0,713.54876709,-10477.3125,1648685.65945,2552055.49709,台湾省,台湾,71.0,0
5433.0,0.0,1087.29992676,6.0,0.0,713.54876709,-7977.0,1658685.65945,2552055.49709,台湾省,台湾,71.0,0
5434.0,0.0,585.900024414,5.0,0.0,0.0,107834.3125,1668685.65945,2552055.49709,台湾省,台湾,71.0,0
5435.0,0.0,857.700012207,0.0,0.0,0.0,433935.6875,1678685.65945,2552055.49709,台湾省,台湾,71.0,0
5646.0,0.0,0.0,32.0,0.0,0.0,327732.875,1548685.65945,2562055.49709,台湾省,台湾,71.0,0
5647.0,0.0,567.799987793,37.0,0.0,939.620300293,-1402.25,1558685.65945,2562055.49709,台湾省,台湾,71.0,0
5648.0,0.0,0.0,40.0,0.0,939.620300293,5971.0625,1568685.65945,2562055.49709,台湾省,台湾,71.0,0
5649.0,0.0,0.0,17.0,0.0,939.620300293,8459.5,1578685.65945,2562055.49709,台湾省,台湾,71.0,0
5650.0,0.0,649.199951172,6.0,14.0904636383,1199.85974121,3060.3125,1588685.65945,2562055.49709,台湾省,台湾,71.0,0
5651.0,0.0,1124.49987793,5.0,14.0904636383,1199.85974121,-5267.0,1598685.65945,2562055.49709,台湾省,台湾,71.0,0
5652.0,0.0,1131.79992676,0.0,14.0904636383,1199.85974121,2145.5625,1608685.65945,2562055.49709,台湾省,台湾,71.0,0
5653.0,0.0,1121.89990234,0.0,6.46783351898,1372.2175293,-5097.875,1618685.65945,2562055.49709,台湾省,台湾,71.0,0
5654.0,0.0,1203.30004883,0.0,6.46783351898,1372.2175293,-3080.0625,1628685.65945,2562055.49709,台湾省,台湾,71.0,0
5655.0,0.0,268.399993896,0.0,6.46783351898,1372.2175293,-2801.9375,1638685.65945,2562055.49709,台湾省,台湾,71.0,0
5656.0,0.0,402.699981689,0.0,0.0,713.54876709,14.5625,1648685.65945,2562055.49709,台湾省,台湾,71.0,0
5657.0,0.0,1168.59997559,5.0,0.0,713.54876709,-9701.0625,1658685.65945,2562055.49709,台湾省,台湾,71.0,0
5658.0,0.0,1095.79992676,9.0,0.0,0.0,10881.3125,1668685.65945,2562055.49709,台湾省,台湾,71.0,0
5659.0,0.0,401.0,0.0,0.0,0.0,328663.6875,1678685.65945,2562055.49709,台湾省,台湾,71.0,0
5869.0,0.0,0.0,36.0,0.0,0.0,328008.5625,1548685.65945,2572055.49709,台湾省,台湾,71.0,0
5870.0,0.0,489.5,37.0,0.0,939.620300293,-3927.375,1558685.65945,2572055.49709,台湾省,台湾,71.0,0
5871.0,0.0,0.0,62.0,0.0,939.620300293,551.0625,1568685.65945,2572055.49709,台湾省,台湾,71.0,0
5872.0,0.0,0.0,62.0,0.0,939.620300293,-1064.3125,1578685.65945,2572055.49709,台湾省,台湾,71.0,0
5873.0,0.0,1144.69995117,27.0,14.0904636383,1199.85974121,2258.0,1588685.65945,2572055.49709,台湾省,台湾,71.0,0
5874.0,0.0,1139.69995117,10.0,14.0904636383,1199.85974121,-861.3125,1598685.65945,2572055.49709,台湾省,台湾,71.0,0
5875.0,0.0,1228.89990234,0.0,14.0904636383,1199.85974121,5718.375,1608685.65945,2572055.49709,台湾省,台湾,71.0,0
5876.0,0.0,1118.09997559,0.0,6.46783351898,1372.2175293,-7068.875,1618685.65945,2572055.49709,台湾省,台湾,71.0,0
5877.0,0.0,934.5,0.0,6.46783351898,1372.2175293,-2349.375,1628685.65945,2572055.49709,台湾省,台湾,71.0,0
5878.0,0.0,423.899963379,0.0,6.46783351898,1372.2175293,-2640.25,1638685.65945,2572055.49709,台湾省,台湾,71.0,0
5879.0,0.0,1203.19995117,0.0,0.0,713.54876709,-855.3125,1648685.65945,2572055.49709,台湾省,台湾,71.0,0
5880.0,0.0,363.100006104,0.0,0.0,713.54876709,6491.5625,1658685.65945,2572055.49709,台湾省,台湾,71.0,0
5881.0,0.0,1075.59997559,17.0,0.0,0.0,7306.0625,1668685.65945,2572055.49709,台湾省,台湾,71.0,0
5882.0,0.0,502.600006104,7.0,0.0,0.0,326505.875,1678685.65945,2572055.49709,台湾省,台湾,71.0,0
6094.0,0.0,566.099975586,42.0,0.0,0.0,325185.9375,1548685.65945,2582055.49709,台湾省,台湾,71.0,0
6095.0,0.0,516.5,47.0,3.04649043083,937.409484863,5562.9375,1558685.65945,2582055.49709,台湾省,台湾,71.0,0
6096.0,0.0,0.0,37.0,3.04649043083,937.409484863,3793.375,1568685.65945,2582055.49709,台湾省,台湾,71.0,0
6097.0,0.0,566.5,41.0,3.04649043083,937.409484863,591.125,1578685.65945,2582055.49709,台湾省,台湾,71.0,0
6098.0,0.0,641.299987793,16.0,6.72338151932,1302.95349121,4162.75,1588685.65945,2582055.49709,台湾省,台湾,71.0,0
6099.0,0.0,1135.5,8.0,6.72338151932,1302.95349121,-5234.8125,1598685.65945,2582055.49709,台湾省,台湾,71.0,0
6100.0,0.0,1163.80004883,0.0,6.72338151932,1302.95349121,-256.75,1608685.65945,2582055.49709,台湾省,台湾,71.0,0
6101.0,0.0,375.0,0.0,0.0,1042.2175293,-1910.125,1618685.65945,2582055.49709,台湾省,台湾,71.0,0
6102.0,0.0,320.299987793,0.0,0.0,1042.2175293,-2283.125,1628685.65945,2582055.49709,台湾省,台湾,71.0,0
6103.0,0.0,171.899993896,0.0,0.0,1042.2175293,-1637.5625,1638685.65945,2582055.49709,台湾省,台湾,71.0,0
6104.0,0.0,192.800003052,0.0,0.0,687.940490723,-7533.0,1648685.65945,2582055.49709,台湾省,台湾,71.0,0
6105.0,0.0,408.199981689,0.0,0.0,687.940490723,-8140.125,1658685.65945,2582055.49709,台湾省,台湾,71.0,0
6106.0,0.0,1070.59985352,12.0,0.0,0.0,-13206.875,1668685.65945,2582055.49709,台湾省,台湾,71.0,0
6107.0,0.0,919.5,0.0,0.0,0.0,337258.125,1678685.65945,2582055.49709,台湾省,台湾,71.0,0
6317.0,0.0,0.0,49.0,0.0,0.0,327833.3125,1548685.65945,2592055.49709,台湾省,台湾,71.0,0
6318.0,0.0,0.0,39.0,3.04649043083,937.409484863,-1174.125,1558685.65945,2592055.49709,台湾省,台湾,71.0,0
6319.0,0.0,570.100036621,39.0,3.04649043083,937.409484863,-21.875,1568685.65945,2592055.49709,台湾省,台湾,71.0,0
6320.0,0.0,0.0,36.0,3.04649043083,937.409484863,875.8125,1578685.65945,2592055.49709,台湾省,台湾,71.0,0
6321.0,0.0,0.0,15.0,6.72338151932,1302.95349121,3925.875,1588685.65945,2592055.49709,台湾省,台湾,71.0,0
6322.0,0.0,563.399963379,5.0,6.72338151932,1302.95349121,-3285.125,1598685.65945,2592055.49709,台湾省,台湾,71.0,0
6323.0,0.0,1153.5,5.0,6.72338151932,1302.95349121,-1612.625,1608685.65945,2592055.49709,台湾省,台湾,71.0,0
6324.0,0.0,741.899963379,10.0,0.0,1042.2175293,7732.5625,1618685.65945,2592055.49709,台湾省,台湾,71.0,0
6325.0,0.0,674.699951172,0.0,0.0,1042.2175293,-5310.1875,1628685.65945,2592055.49709,台湾省,台湾,71.0,0
6326.0,0.0,721.699951172,0.0,0.0,1042.2175293,3819.125,1638685.65945,2592055.49709,台湾省,台湾,71.0,0
6327.0,0.0,489.599975586,0.0,0.0,687.940490723,-4217.625,1648685.65945,2592055.49709,台湾省,台湾,71.0,0
6328.0,0.0,611.799926758,0.0,0.0,687.940490723,-7263.5,1658685.65945,2592055.49709,台湾省,台湾,71.0,0
6329.0,0.0,1018.80004883,11.0,0.0,0.0,3451.0625,1668685.65945,2592055.49709,台湾省,台湾,71.0,0
6330.0,0.0,1024.29992676,0.0,0.0,0.0,333263.8125,1678685.65945,2592055.49709,台湾省,台湾,71.0,0
6542.0,0.0,0.0,62.0,0.0,0.0,435571.5,1548685.65945,2602055.49709,台湾省,台湾,71.0,0
6543.0,0.0,252.999984741,23.0,3.04649043083,937.409484863,107378.125,1558685.65945,2602055.49709,台湾省,台湾,71.0,0
6544.0,0.0,267.0,43.0,3.04649043083,937.409484863,807.25,1568685.65945,2602055.49709,台湾省,台湾,71.0,0
6545.0,0.0,0.0,56.0,3.04649043083,937.409484863,1026.75,1578685.65945,2602055.49709,台湾省,台湾,71.0,0
6546.0,0.0,0.0,28.0,6.72338151932,1302.95349121,4803.25,1588685.65945,2602055.49709,台湾省,台湾,71.0,0
6547.0,0.0,0.0,11.0,6.72338151932,1302.95349121,-1966.875,1598685.65945,2602055.49709,台湾省,台湾,71.0,0
6548.0,0.0,566.399963379,7.0,6.72338151932,1302.95349121,-666.75,1608685.65945,2602055.49709,台湾省,台湾,71.0,0
6549.0,0.0,710.200012207,0.0,0.0,1042.2175293,3291.0625,1618685.65945,2602055.49709,台湾省,台湾,71.0,0
6550.0,0.0,686.700012207,0.0,0.0,1042.2175293,-6650.8125,1628685.65945,2602055.49709,台湾省,台湾,71.0,0
6551.0,0.0,404.799987793,0.0,0.0,1042.2175293,5902.0625,1638685.65945,2602055.49709,台湾省,台湾,71.0,0
6552.0,0.0,702.599975586,0.0,0.0,687.940490723,4098.375,1648685.65945,2602055.49709,台湾省,台湾,71.0,0
6553.0,0.0,695.0,0.0,0.0,687.940490723,-4721.3125,1658685.65945,2602055.49709,台湾省,台湾,71.0,0
6554.0,0.0,723.799987793,7.0,0.0,0.0,-9344.5625,1668685.65945,2602055.49709,台湾省,台湾,71.0,0
6555.0,0.0,581.999938965,0.0,0.0,0.0,334911.3125,1678685.65945,2602055.49709,台湾省,台湾,71.0,0
6768.0,0.0,0.0,37.0,0.0,799.259338379,219604.75,1558685.65945,2612055.49709,台湾省,台湾,71.0,0
6769.0,0.0,558.600036621,52.0,0.0,799.259338379,1132.0625,1568685.65945,2612055.49709,台湾省,台湾,71.0,0
6770.0,0.0,0.0,56.0,0.0,799.259338379,-685.625,1578685.65945,2612055.49709,台湾省,台湾,71.0,0
6771.0,0.0,0.0,34.0,9.76241207123,1474.85949707,2395.0625,1588685.65945,2612055.49709,台湾省,台湾,71.0,0
6772.0,0.0,665.699951172,38.0,9.76241207123,1474.85949707,529.875,1598685.65945,2612055.49709,台湾省,台湾,71.0,0
6773.0,0.0,1149.5,13.0,9.76241207123,1474.85949707,2700.9375,1608685.65945,2612055.49709,台湾省,台湾,71.0,0
6774.0,0.0,1132.49987793,7.0,5.03685617447,1137.70568848,1995.3125,1618685.65945,2612055.49709,台湾省,台湾,71.0,0
6775.0,0.0,1123.40002441,0.0,5.03685617447,1137.70568848,-1410.8125,1628685.65945,2612055.49709,台湾省,台湾,71.0,0
6776.0,0.0,697.699951172,0.0,5.03685617447,1137.70568848,7388.875,1638685.65945,2612055.49709,台湾省,台湾,71.0,0
6777.0,0.0,714.299987793,0.0,0.0,699.045532227,-6256.75,1648685.65945,2612055.49709,台湾省,台湾,71.0,0
6778.0,0.0,649.599975586,0.0,0.0,699.045532227,-1285.375,1658685.65945,2612055.49709,台湾省,台湾,71.0,0
6779.0,0.0,586.900024414,18.0,0.0,0.0,-5451.8125,1668685.65945,2612055.49709,台湾省,台湾,71.0,0
6780.0,0.0,921.299987793,6.0,0.0,0.0,337113.375,1678685.65945,2612055.49709,台湾省,台湾,71.0,0
6991.0,0.0,0.0,47.0,0.0,799.259338379,439646.125,1558685.65945,2622055.49709,台湾省,台湾,71.0,0
6992.0,0.0,0.0,60.0,0.0,799.259338379,109378.9375,1568685.65945,2622055.49709,台湾省,台湾,71.0,0
6993.0,0.0,0.0,62.0,0.0,799.259338379,680.125,1578685.65945,2622055.49709,台湾省,台湾,71.0,0
6994.0,0.0,1113.09997559,51.0,9.76241207123,1474.85949707,2879.9375,1588685.65945,2622055.49709,台湾省,台湾,71.0,0
6995.0,0.0,764.299987793,16.0,9.76241207123,1474.85949707,924.625,1598685.65945,2622055.49709,台湾省,台湾,71.0,0
6996.0,0.0,1135.90002441,7.0,9.76241207123,1474.85949707,-1151.5,1608685.65945,2622055.49709,台湾省,台湾,71.0,0
6997.0,0.0,1129.90002441,36.0,5.03685617447,1137.70568848,1.25,1618685.65945,2622055.49709,台湾省,台湾,71.0,0
6998.0,0.0,330.600006104,0.0,5.03685617447,1137.70568848,-2742.3125,1628685.65945,2622055.49709,台湾省,台湾,71.0,0
6999.0,0.0,454.299987793,0.0,5.03685617447,1137.70568848,4996.9375,1638685.65945,2622055.49709,台湾省,台湾,71.0,0
7000.0,0.0,1147.59997559,0.0,0.0,699.045532227,-9754.6875,1648685.65945,2622055.49709,台湾省,台湾,71.0,0
7001.0,0.0,207.299987793,0.0,0.0,699.045532227,-2864.0,1658685.65945,2622055.49709,台湾省,台湾,71.0,0
7002.0,0.0,1067.09997559,7.0,0.0,0.0,-11589.4375,1668685.65945,2622055.49709,台湾省,台湾,71.0,0
7003.0,0.0,1036.5,6.0,0.0,0.0,338064.25,1678685.65945,2622055.49709,台湾省,台湾,71.0,0
7215.0,0.0,0.0,63.0,0.0,799.259338379,217918.375,1568685.65945,2632055.49709,台湾省,台湾,71.0,0
7216.0,0.0,0.0,61.0,0.0,799.259338379,-875.375,1578685.65945,2632055.49709,台湾省,台湾,71.0,0
7217.0,0.0,0.0,63.0,9.76241207123,1474.85949707,-2468.0625,1588685.65945,2632055.49709,台湾省,台湾,71.0,0
7218.0,0.0,1133.70007324,24.0,9.76241207123,1474.85949707,-3192.0,1598685.65945,2632055.49709,台湾省,台湾,71.0,0
7219.0,0.0,1119.19995117,13.0,9.76241207123,1474.85949707,-651.5,1608685.65945,2632055.49709,台湾省,台湾,71.0,0
7220.0,0.0,1155.19995117,62.0,5.03685617447,1137.70568848,5421.4375,1618685.65945,2632055.49709,台湾省,台湾,71.0,0
7221.0,0.0,1105.09997559,6.0,5.03685617447,1137.70568848,2847.0625,1628685.65945,2632055.49709,台湾省,台湾,71.0,0
7222.0,0.0,1085.89990234,0.0,5.03685617447,1137.70568848,7105.3125,1638685.65945,2632055.49709,台湾省,台湾,71.0,0
7223.0,0.0,1134.90002441,0.0,0.0,699.045532227,2417.5,1648685.65945,2632055.49709,台湾省,台湾,71.0,0
7224.0,0.0,660.999938965,0.0,0.0,699.045532227,-7511.0,1658685.65945,2632055.49709,台湾省,台湾,71.0,0
7225.0,0.0,666.599975586,0.0,0.0,0.0,-9803.3125,1668685.65945,2632055.49709,台湾省,台湾,71.0,0
7226.0,0.0,1027.19995117,38.0,0.0,0.0,338581.9375,1678685.65945,2632055.49709,台湾省,台湾,71.0,0
7440.0,0.0,0.0,62.0,0.450501382351,1164.18188477,329354.75,1568685.65945,2642055.49709,台湾省,台湾,71.0,0
7441.0,0.0,0.0,63.0,0.450501382351,1164.18188477,1116.875,1578685.65945,2642055.49709,台湾省,台湾,71.0,0
7442.0,0.0,0.0,63.0,4.4039645195,1352.62353516,8430.375,1588685.65945,2642055.49709,台湾省,台湾,71.0,0
7443.0,0.0,949.599975586,15.0,4.4039645195,1352.62353516,5554.0625,1598685.65945,2642055.49709,台湾省,台湾,71.0,0
7444.0,0.0,1103.40002441,17.0,4.4039645195,1352.62353516,-6366.125,1608685.65945,2642055.49709,台湾省,台湾,71.0,0
7445.0,0.0,1109.30004883,14.0,0.767890036106,1191.29833984,5261.4375,1618685.65945,2642055.49709,台湾省,台湾,71.0,0
7446.0,0.0,1121.79992676,6.0,0.767890036106,1191.29833984,3608.0625,1628685.65945,2642055.49709,台湾省,台湾,71.0,0
7447.0,0.0,595.999938965,13.0,0.767890036106,1191.29833984,5325.375,1638685.65945,2642055.49709,台湾省,台湾,71.0,0
7448.0,0.0,354.5,0.0,0.0,922.511169434,1983.75,1648685.65945,2642055.49709,台湾省,台湾,71.0,0
7449.0,0.0,146.199996948,0.0,0.0,922.511169434,-1228.1875,1658685.65945,2642055.49709,台湾省,台湾,71.0,0
7450.0,0.0,1098.5,0.0,0.0,709.285461426,3551.375,1668685.65945,2642055.49709,台湾省,台湾,71.0,0
7451.0,0.0,1068.90002441,43.0,0.0,709.285461426,321488.9375,1678685.65945,2642055.49709,台湾省,台湾,71.0,0
7665.0,0.0,0.0,61.0,0.450501382351,1164.18188477,437868.0625,1568685.65945,2652055.49709,台湾省,台湾,71.0,0
7666.0,0.0,0.0,63.0,0.450501382351,1164.18188477,106979.625,1578685.65945,2652055.49709,台湾省,台湾,71.0,0
7667.0,0.0,0.0,63.0,4.4039645195,1352.62353516,7689.3125,1588685.65945,2652055.49709,台湾省,台湾,71.0,0
7668.0,0.0,1151.59997559,31.0,4.4039645195,1352.62353516,-2188.8125,1598685.65945,2652055.49709,台湾省,台湾,71.0,0
7669.0,0.0,739.099975586,9.0,4.4039645195,1352.62353516,6309.625,1608685.65945,2652055.49709,台湾省,台湾,71.0,0
7670.0,0.0,1135.20007324,5.0,0.767890036106,1191.29833984,4065.5,1618685.65945,2652055.49709,台湾省,台湾,71.0,0
7671.0,0.0,1096.19995117,0.0,0.767890036106,1191.29833984,-15770.375,1628685.65945,2652055.49709,台湾省,台湾,71.0,0
7672.0,0.0,1073.49987793,5.0,0.767890036106,1191.29833984,-5898.4375,1638685.65945,2652055.49709,台湾省,台湾,71.0,0
7673.0,0.0,669.699951172,0.0,0.0,922.511169434,1879.125,1648685.65945,2652055.49709,台湾省,台湾,71.0,0
7674.0,0.0,330.699981689,0.0,0.0,922.511169434,-9249.125,1658685.65945,2652055.49709,台湾省,台湾,71.0,0
7675.0,0.0,574.899963379,0.0,0.0,709.285461426,-5391.0625,1668685.65945,2652055.49709,台湾省,台湾,71.0,0
7676.0,0.0,592.199951172,8.0,0.0,709.285461426,311302.375,1678685.65945,2652055.49709,台湾省,台湾,71.0,0
7891.0,0.0,0.0,60.0,0.450501382351,1164.18188477,217651.25,1578685.65945,2662055.49709,台湾省,台湾,71.0,0
7892.0,0.0,584.799987793,62.0,4.4039645195,1352.62353516,4042.4375,1588685.65945,2662055.49709,台湾省,台湾,71.0,0
7893.0,0.0,592.0,54.0,4.4039645195,1352.62353516,-1536.0,1598685.65945,2662055.49709,台湾省,台湾,71.0,0
7894.0,0.0,948.799987793,8.0,4.4039645195,1352.62353516,5388.625,1608685.65945,2662055.49709,台湾省,台湾,71.0,0
7895.0,0.0,618.0,6.0,0.767890036106,1191.29833984,-11473.8125,1618685.65945,2662055.49709,台湾省,台湾,71.0,0
7896.0,0.0,1121.5,0.0,0.767890036106,1191.29833984,-765.9375,1628685.65945,2662055.49709,台湾省,台湾,71.0,0
7897.0,0.0,1135.99987793,0.0,0.767890036106,1191.29833984,4089.875,1638685.65945,2662055.49709,台湾省,台湾,71.0,0
7898.0,0.0,666.599975586,0.0,0.0,922.511169434,12440.375,1648685.65945,2662055.49709,台湾省,台湾,71.0,0
7899.0,0.0,363.599975586,0.0,0.0,922.511169434,-6554.1875,1658685.65945,2662055.49709,台湾省,台湾,71.0,0
7900.0,0.0,1113.19995117,0.0,0.0,709.285461426,1237.375,1668685.65945,2662055.49709,台湾省,台湾,71.0,0
7901.0,0.0,1037.5,0.0,0.0,709.285461426,326289.875,1678685.65945,2662055.49709,台湾省,台湾,71.0,0
7902.0,0.0,1081.59997559,0.0,0.0,709.285461426,0.0,1688685.65945,2662055.49709,台湾省,台湾,71.0,0
8115.0,0.0,0.0,53.0,0.0,0.0,439321.9375,1578685.65945,2672055.49709,台湾省,台湾,71.0,0
8116.0,0.0,948.699951172,37.0,0.0,1172.13269043,110352.875,1588685.65945,2672055.49709,台湾省,台湾,71.0,0
8117.0,0.0,1000.49993896,13.0,0.0,1172.13269043,-4700.0,1598685.65945,2672055.49709,台湾省,台湾,71.0,0
8118.0,0.0,1169.70007324,10.0,0.0,1172.13269043,2241.125,1608685.65945,2672055.49709,台湾省,台湾,71.0,0
8119.0,0.0,785.600036621,0.0,0.0,1203.9597168,5932.4375,1618685.65945,2672055.49709,台湾省,台湾,71.0,0
8120.0,0.0,629.0,0.0,0.0,1203.9597168,-12546.875,1628685.65945,2672055.49709,台湾省,台湾,71.0,0
8121.0,0.0,484.200012207,0.0,0.0,1203.9597168,-12938.0625,1638685.65945,2672055.49709,台湾省,台湾,71.0,0
8122.0,0.0,1159.19995117,0.0,0.0,1221.85314941,8834.8125,1648685.65945,2672055.49709,台湾省,台湾,71.0,0
8123.0,0.0,664.200012207,0.0,0.0,1221.85314941,-3330.0625,1658685.65945,2672055.49709,台湾省,台湾,71.0,0
8124.0,0.0,1082.89990234,0.0,3.40706348419,911.291442871,-4188.375,1668685.65945,2672055.49709,台湾省,台湾,71.0,0
8125.0,0.0,357.699981689,0.0,3.40706348419,911.291442871,215197.875,1678685.65945,2672055.49709,台湾省,台湾,71.0,0
8126.0,0.0,1037.69995117,5.0,3.40706348419,911.291442871,0.0,1688685.65945,2672055.49709,台湾省,台湾,71.0,0
8338.0,0.0,968.0,24.0,0.0,1172.13269043,220747.125,1588685.65945,2682055.49709,台湾省,台湾,71.0,0
8339.0,0.0,0.0,12.0,0.0,1172.13269043,-1028.0625,1598685.65945,2682055.49709,台湾省,台湾,71.0,0
8340.0,0.0,1203.49987793,6.0,0.0,1172.13269043,39.5625,1608685.65945,2682055.49709,台湾省,台湾,71.0,0
8341.0,0.0,1158.09997559,0.0,0.0,1203.9597168,-351.6875,1618685.65945,2682055.49709,台湾省,台湾,71.0,0
8342.0,0.0,1136.29992676,0.0,0.0,1203.9597168,6560.3125,1628685.65945,2682055.49709,台湾省,台湾,71.0,0
8343.0,0.0,1149.09997559,0.0,0.0,1203.9597168,624.6875,1638685.65945,2682055.49709,台湾省,台湾,71.0,0
8344.0,0.0,745.899963379,6.0,0.0,1221.85314941,-8436.4375,1648685.65945,2682055.49709,台湾省,台湾,71.0,0
8345.0,0.0,656.399963379,0.0,0.0,1221.85314941,-1781.25,1658685.65945,2682055.49709,台湾省,台湾,71.0,0
8346.0,0.0,613.699951172,0.0,3.40706348419,911.291442871,-9440.125,1668685.65945,2682055.49709,台湾省,台湾,71.0,0
8347.0,0.0,547.599975586,0.0,3.40706348419,911.291442871,106669.5,1678685.65945,2682055.49709,台湾省,台湾,71.0,0
8348.0,0.0,994.799987793,5.0,3.40706348419,911.291442871,432548.0625,1688685.65945,2682055.49709,台湾省,台湾,71.0,0
8560.0,0.0,0.0,20.0,0.0,1172.13269043,435540.5,1588685.65945,2692055.49709,台湾省,台湾,71.0,0
8561.0,0.0,619.200012207,23.0,0.0,1172.13269043,108782.1875,1598685.65945,2692055.49709,台湾省,台湾,71.0,0
8562.0,0.0,1168.80004883,6.0,0.0,1172.13269043,4617.25,1608685.65945,2692055.49709,台湾省,台湾,71.0,0
8563.0,0.0,187.699981689,5.0,0.0,1203.9597168,1836.0,1618685.65945,2692055.49709,台湾省,台湾,71.0,0
8564.0,0.0,700.5,0.0,0.0,1203.9597168,-9265.5625,1628685.65945,2692055.49709,台湾省,台湾,71.0,0
8565.0,0.0,221.599990845,0.0,0.0,1203.9597168,-2926.0625,1638685.65945,2692055.49709,台湾省,台湾,71.0,0
8566.0,0.0,702.699951172,0.0,0.0,1221.85314941,-3817.25,1648685.65945,2692055.49709,台湾省,台湾,71.0,0
8567.0,0.0,439.299987793,0.0,0.0,1221.85314941,5450.0625,1658685.65945,2692055.49709,台湾省,台湾,71.0,0
8568.0,0.0,580.5,0.0,3.40706348419,911.291442871,222.0,1668685.65945,2692055.49709,台湾省,台湾,71.0,0
8569.0,0.0,979.199951172,5.0,3.40706348419,911.291442871,-3863.5,1678685.65945,2692055.49709,台湾省,台湾,71.0,0
8570.0,0.0,1053.79992676,0.0,3.40706348419,911.291442871,323836.5,1688685.65945,2692055.49709,台湾省,台湾,71.0,0
8783.0,0.0,0.0,23.0,0.0,0.0,218089.375,1598685.65945,2702055.49709,台湾省,台湾,71.0,0
8784.0,0.0,927.099975586,9.0,0.0,0.0,2492.3125,1608685.65945,2702055.49709,台湾省,台湾,71.0,0
8785.0,0.0,1082.29992676,5.0,0.0,1198.35693359,956.25,1618685.65945,2702055.49709,台湾省,台湾,71.0,0
8786.0,0.0,402.399993896,0.0,0.0,1198.35693359,-2554.9375,1628685.65945,2702055.49709,台湾省,台湾,71.0,0
8787.0,0.0,641.099975586,0.0,0.0,1198.35693359,201.9375,1638685.65945,2702055.49709,台湾省,台湾,71.0,0
8788.0,0.0,1074.80004883,0.0,0.0,1421.53503418,-2319.625,1648685.65945,2702055.49709,台湾省,台湾,71.0,0
8789.0,0.0,1148.99987793,5.0,0.0,1421.53503418,-2143.125,1658685.65945,2702055.49709,台湾省,台湾,71.0,0
8790.0,0.0,450.600006104,0.0,0.0,1235.54736328,1984.4375,1668685.65945,2702055.49709,台湾省,台湾,71.0,0
8791.0,0.0,546.499938965,0.0,0.0,1235.54736328,-8737.375,1678685.65945,2702055.49709,台湾省,台湾,71.0,0
8792.0,0.0,347.700012207,5.0,0.0,1235.54736328,319632.9375,1688685.65945,2702055.49709,台湾省,台湾,71.0,0
8793.0,0.0,1118.5,0.0,0.0,0.0,0.0,1698685.65945,2702055.49709,台湾省,台湾,71.0,0
9004.0,0.0,872.299987793,31.0,0.0,0.0,109754.3125,1608685.65945,2712055.49709,台湾省,台湾,71.0,0
9005.0,0.0,1099.90002441,12.0,0.0,1198.35693359,958.6875,1618685.65945,2712055.49709,台湾省,台湾,71.0,0
9006.0,0.0,630.799987793,8.0,0.0,1198.35693359,5873.5,1628685.65945,2712055.49709,台湾省,台湾,71.0,0
9007.0,0.0,616.899963379,6.0,0.0,1198.35693359,-1103.5,1638685.65945,2712055.49709,台湾省,台湾,71.0,0
9008.0,0.0,1103.19995117,0.0,0.0,1421.53503418,1807.4375,1648685.65945,2712055.49709,台湾省,台湾,71.0,0
9009.0,0.0,1072.19995117,0.0,0.0,1421.53503418,1606.5625,1658685.65945,2712055.49709,台湾省,台湾,71.0,0
9010.0,0.0,414.299987793,5.0,0.0,1235.54736328,-3669.5,1668685.65945,2712055.49709,台湾省,台湾,71.0,0
9011.0,0.0,374.299987793,0.0,0.0,1235.54736328,7717.25,1678685.65945,2712055.49709,台湾省,台湾,71.0,0
9012.0,0.0,617.5,6.0,0.0,1235.54736328,334275.5,1688685.65945,2712055.49709,台湾省,台湾,71.0,0
9013.0,0.0,0.0,8.0,0.0,0.0,0.0,1698685.65945,2712055.49709,台湾省,台湾,71.0,0
9227.0,0.0,0.0,63.0,0.0,0.0,223574.6875,1608685.65945,2722055.49709,台湾省,台湾,71.0,0
9228.0,0.0,0.0,49.0,0.0,1198.35693359,922.8125,1618685.65945,2722055.49709,台湾省,台湾,71.0,0
9229.0,0.0,1120.09997559,14.0,0.0,1198.35693359,886.9375,1628685.65945,2722055.49709,台湾省,台湾,71.0,0
9230.0,0.0,380.999969482,6.0,0.0,1198.35693359,-1189.875,1638685.65945,2722055.49709,台湾省,台湾,71.0,0
9231.0,0.0,1130.20007324,5.0,0.0,1421.53503418,-240.4375,1648685.65945,2722055.49709,台湾省,台湾,71.0,0
9232.0,0.0,416.599975586,0.0,0.0,1421.53503418,-2258.6875,1658685.65945,2722055.49709,台湾省,台湾,71.0,0
9233.0,0.0,596.700012207,6.0,0.0,1235.54736328,-2173.0,1668685.65945,2722055.49709,台湾省,台湾,71.0,0
9234.0,0.0,451.599975586,33.0,0.0,1235.54736328,109873.5,1678685.65945,2722055.49709,台湾省,台湾,71.0,0
9235.0,0.0,0.0,57.0,0.0,1235.54736328,441324.0,1688685.65945,2722055.49709,台湾省,台湾,71.0,0
9449.0,0.0,0.0,62.0,0.0,0.0,327482.25,1608685.65945,2732055.49709,台湾省,台湾,71.0,0
9450.0,0.0,565.0,29.0,0.0,1018.98583984,-1431.375,1618685.65945,2732055.49709,台湾省,台湾,71.0,0
9451.0,0.0,0.0,61.0,0.0,1018.98583984,-2472.3125,1628685.65945,2732055.49709,台湾省,台湾,71.0,0
9452.0,0.0,0.0,23.0,0.0,1018.98583984,4015.625,1638685.65945,2732055.49709,台湾省,台湾,71.0,0
9453.0,0.0,1087.19995117,8.0,0.0,1453.7409668,-4289.375,1648685.65945,2732055.49709,台湾省,台湾,71.0,0
9454.0,0.0,502.200012207,6.0,0.0,1453.7409668,-5448.1875,1658685.65945,2732055.49709,台湾省,台湾,71.0,0
9455.0,0.0,718.599975586,5.0,9.40900421143,1133.13769531,-3634.25,1668685.65945,2732055.49709,台湾省,台湾,71.0,0
9456.0,0.0,297.699981689,25.0,9.40900421143,1133.13769531,211884.375,1678685.65945,2732055.49709,台湾省,台湾,71.0,0
9457.0,0.0,595.099975586,53.0,9.40900421143,1133.13769531,0.0,1688685.65945,2732055.49709,台湾省,台湾,71.0,0
9672.0,0.0,588.700012207,58.0,0.0,1018.98583984,109438.5625,1618685.65945,2742055.49709,台湾省,台湾,71.0,0
9673.0,0.0,0.0,61.0,0.0,1018.98583984,4595.25,1628685.65945,2742055.49709,台湾省,台湾,71.0,0
9674.0,0.0,0.0,50.0,0.0,1018.98583984,11475.5625,1638685.65945,2742055.49709,台湾省,台湾,71.0,0
9675.0,0.0,0.0,23.0,0.0,1453.7409668,458.0625,1648685.65945,2742055.49709,台湾省,台湾,71.0,0
9676.0,0.0,864.799987793,18.0,0.0,1453.7409668,-281.625,1658685.65945,2742055.49709,台湾省,台湾,71.0,0
9677.0,0.0,630.100036621,7.0,9.40900421143,1133.13769531,1221.5,1668685.65945,2742055.49709,台湾省,台湾,71.0,0
9678.0,0.0,1079.59997559,7.0,9.40900421143,1133.13769531,212552.3125,1678685.65945,2742055.49709,台湾省,台湾,71.0,0
9679.0,0.0,1064.59997559,48.0,9.40900421143,1133.13769531,0.0,1688685.65945,2742055.49709,台湾省,台湾,71.0,0
9896.0,0.0,0.0,60.0,0.0,1018.98583984,326592.875,1618685.65945,2752055.49709,台湾省,台湾,71.0,0
9897.0,0.0,0.0,62.0,0.0,1018.98583984,109419.1875,1628685.65945,2752055.49709,台湾省,台湾,71.0,0
9898.0,0.0,854.799987793,62.0,0.0,1018.98583984,-383.25,1638685.65945,2752055.49709,台湾省,台湾,71.0,0
9899.0,0.0,689.599975586,63.0,0.0,1453.7409668,194.0625,1648685.65945,2752055.49709,台湾省,台湾,71.0,0
9900.0,0.0,0.0,63.0,0.0,1453.7409668,7197.125,1658685.65945,2752055.49709,台湾省,台湾,71.0,0
9901.0,0.0,1107.0,18.0,9.40900421143,1133.13769531,7121.8125,1668685.65945,2752055.49709,台湾省,台湾,71.0,0
9902.0,0.0,637.099975586,16.0,9.40900421143,1133.13769531,106642.0625,1678685.65945,2752055.49709,台湾省,台湾,71.0,0
9903.0,0.0,436.699981689,6.0,9.40900421143,1133.13769531,323190.375,1688685.65945,2752055.49709,台湾省,台湾,71.0,0
10119.0,0.0,0.0,57.0,0.0,0.0,215074.375,1638685.65945,2762055.49709,台湾省,台湾,71.0,0
10120.0,0.0,1184.0,63.0,5.0737991333,857.98260498,110011.0,1648685.65945,2762055.49709,台湾省,台湾,71.0,0
10121.0,0.0,370.299987793,63.0,5.0737991333,857.98260498,5933.125,1658685.65945,2762055.49709,台湾省,台湾,71.0,0
10122.0,0.0,693.5,55.0,0.0,0.0,5215.3125,1668685.65945,2762055.49709,台湾省,台湾,71.0,0
10123.0,0.0,0.0,11.0,0.0,0.0,4151.1875,1678685.65945,2762055.49709,台湾省,台湾,71.0,0
10124.0,0.0,458.299987793,10.0,0.0,0.0,215987.5625,1688685.65945,2762055.49709,台湾省,台湾,71.0,0
10125.0,0.0,1094.30004883,15.0,0.0,0.0,538105.5,1698685.65945,2762055.49709,台湾省,台湾,71.0,0
10342.0,0.0,0.0,60.0,5.0737991333,857.98260498,327257.75,1648685.65945,2772055.49709,台湾省,台湾,71.0,0
10343.0,0.0,404.799987793,37.0,5.0737991333,857.98260498,207592.5625,1658685.65945,2772055.49709,台湾省,台湾,71.0,0
10344.0,0.0,1109.69995117,23.0,0.0,0.0,209849.375,1668685.65945,2772055.49709,台湾省,台湾,71.0,0
10345.0,0.0,0.0,53.0,0.0,0.0,319795.375,1678685.65945,2772055.49709,台湾省,台湾,71.0,0
10562.0,0.0,0.0,26.0,5.0737991333,857.98260498,542009.8125,1658685.65945,2782055.49709,台湾省,台湾,71.0,0
